time, value
0.291, 27.9375
1.791, 27.953125
3.291, 27.96875
4.791, 27.984375
6.291, 28
7.791, 28.015625
9.291, 28.03125
10.791, 28.03125
12.291, 28.0625
