time, value
0.291, 4.6171875
1.791, 4.609375
3.291, 4.59375
4.791, 4.61328125
6.291, 4.64453125
7.791, 4.65234375
9.291, 4.65625
10.791, 4.6171875
12.291, 4.609375
